{"total_loss": [0.24925385415554047, 0.050282880663871765, 0.012896292842924595, 0.016231589019298553, 0.005903673358261585, 0.004392903298139572, 0.003182270796969533, 0.0028741653077304363, 0.0032243828754872084, 0.0027017833199352026, 0.0009715462219901383, 0.001361765549518168, 0.00033563157194294035, 0.0031600105576217175, 0.0007004777435213327, 0.0014045464340597391, 0.0008728508837521076, 0.0010760590666905046, 0.007662964519113302, 0.0010907122632488608, 0.002496743807569146, 0.00047455966705456376, 0.0008864565170370042, 0.0012595388107001781, 0.000931440619751811, 0.0014178004348650575, 0.0018535914132371545, 0.0007715508691035211, 0.0007886840612627566, 0.0008820045622996986, 0.0018596498994156718, 0.0008892266778275371, 0.000942492566537112, 0.0019862595945596695, 0.0011531977215781808, 0.0005199247389100492, 0.00041176166268996894, 0.0006337476661428809, 0.0005692618433386087, 0.000984763726592064, 0.0010795269627124071, 0.0013301369035616517, 0.0012218833435326815, 0.001135414931923151, 0.0006362333078868687, 0.0013747804332524538, 0.0007098467322066426, 0.0006545999203808606, 0.0030602263286709785, 0.0010306370677426457], "class_loss": [0.010580217465758324, 0.014860748313367367, 0.0003813258372247219, 3.755136958716321e-06, 0.0003967586380895227, 0.0010899301851168275, 1.138475909101544e-05, 3.1101542845135555e-05, 0.0001156883590738289, 4.4852895371150225e-06, 1.4432150237553287e-05, 1.9037595848203637e-05, 1.5199447261693422e-05, 2.2351761685968086e-07, 4.239421741658589e-06, 5.245301053946605e-06, 1.0728856523201102e-06, 4.4703490686970326e-08, 0.0022475135046988726, 3.4272693483217154e-07, 2.663748455233872e-05, 7.405993528664112e-06, 5.3793810366187245e-06, 1.3709097856917651e-06, 3.0845581022731494e-06, 7.942555384943262e-06, 2.3022421373752877e-06, 6.191488864715211e-06, 5.737078936363105e-06, 4.611992608261062e-06, 1.2219001064295298e-06, 2.875438985938672e-05, 1.4111937161942478e-05, 9.267704444937408e-05, 7.003729024290806e-06, 6.705530495310086e-07, 1.3515748833015095e-05, 7.301581490537501e-07, 1.0639804713719059e-05, 8.54571771924384e-05, 5.796627647214336e-06, 5.8194840676151216e-05, 1.6391282997574308e-07, 1.1928863386856392e-05, 1.7919464880833402e-05, 2.07126959139714e-06, 7.778645340295043e-06, 1.9916064047720283e-05, 2.369304866078892e-06, 1.4901166878189542e-07], "regress_loss": [0.24396374821662903, 0.042852506041526794, 0.01270562969148159, 0.01622971147298813, 0.005705294199287891, 0.0038479382637888193, 0.0031765783205628395, 0.0028586145490407944, 0.0031665386632084846, 0.0026995406951755285, 0.0009643301600590348, 0.0013522467343136668, 0.00032803183421492577, 0.0031598987989127636, 0.0006983580533415079, 0.001401923829689622, 0.0008723144419491291, 0.0010760367149487138, 0.006539207883179188, 0.0010905408998951316, 0.00248342496342957, 0.0004708566702902317, 0.0008837667992338538, 0.0012588533572852612, 0.0009298983495682478, 0.0014138291589915752, 0.0018524402985349298, 0.0007684551528654993, 0.00078581552952528, 0.0008796985493972898, 0.001859038951806724, 0.0008748495019972324, 0.0009354365756735206, 0.0019399210577830672, 0.0011496958322823048, 0.0005195894627831876, 0.00040500378236174583, 0.0006333825876936316, 0.0005639419541694224, 0.0009420351125299931, 0.0010766286868602037, 0.0013010394759476185, 0.0012218013871461153, 0.0011294505093246698, 0.0006272735772654414, 0.0013737448025494814, 0.0007059574127197266, 0.0006446418701671064, 0.0030590416863560677, 0.0010305625619366765], "val_total_loss": [0.6339731812477112, 0.05457938462495804, 0.11061578243970871, 0.061601102352142334, 0.11531032621860504, 0.2071567177772522, 0.05653172731399536, 0.06636334955692291, 0.06343645602464676, 0.0651438757777214, 0.09962280839681625, 0.09047731012105942, 0.049497462809085846, 0.06746121495962143, 0.07538998872041702, 0.023267898708581924, 0.0712839886546135, 0.06322188675403595, 0.13196057081222534, 0.11244428902864456, 0.018053896725177765, 0.07221011817455292, 0.04093257710337639, 0.07703486829996109, 0.08522233366966248, 0.10268045961856842, 0.06071574613451958, 0.07190117239952087, 0.04985704645514488, 0.022366972640156746, 0.06876492500305176, 0.06761769205331802, 0.02082100138068199, 0.15529349446296692, 0.052735477685928345, 0.07387103885412216, 0.060743145644664764, 0.05161765217781067, 0.07582826167345047, 0.11739865690469742, 0.04889533668756485, 0.05286267399787903, 0.09808540344238281, 0.08400620520114899, 0.037049297243356705, 0.05122938007116318, 0.10859762877225876, 0.03735623136162758, 0.04708614945411682, 0.058271776884794235], "val_class_loss": [0.05277271568775177, 2.8522259526653215e-05, 0.0011983299627900124, 0.00012957901344634593, 0.00014537588867824525, 0.00012605355004779994, 6.291781755862758e-05, 7.435797670041211e-06, 2.02656246983679e-06, 2.7374799174140207e-05, 1.326206756857573e-06, 6.705527653139143e-07, 1.49011640360186e-07, 6.914242021593964e-06, 4.619367928171414e-07, 8.344659363501705e-07, 6.482082426373381e-06, 7.450581307466564e-08, 5.707207492378075e-06, 5.8115228966926225e-06, 5.066397079644958e-07, 1.6689352833054727e-06, 8.791695336185512e-07, 8.791697609922267e-07, 5.066439825895941e-06, 8.404342224821448e-06, 7.301575237761426e-07, 1.5497255390073406e-06, 3.412401156310807e-06, 1.2741068530885968e-05, 6.392680006683804e-06, 2.8014342206006404e-06, 4.321338451518386e-07, 9.298560144088697e-06, 1.1622933016042225e-06, 9.983796189771965e-07, 1.917917688842863e-05, 3.8445468817371875e-06, 1.7583413409738569e-06, 2.996158400492277e-05, 7.003553719187039e-07, 3.582005592761561e-05, 1.594432887941366e-06, 5.17075068273698e-06, 4.321340156820952e-07, 9.685785471447161e-07, 1.579526610839821e-06, 5.811458549942472e-07, 1.0132806664842064e-06, 1.7881397695873602e-07], "val_regress_loss": [0.6075868010520935, 0.054565124213695526, 0.11001661419868469, 0.061536312103271484, 0.11523763835430145, 0.20709368586540222, 0.05650026723742485, 0.06635963171720505, 0.06343544274568558, 0.06513018906116486, 0.09962214529514313, 0.09047697484493256, 0.04949738830327988, 0.06745775789022446, 0.07538975775241852, 0.023267481476068497, 0.07128074765205383, 0.06322184950113297, 0.13195770978927612, 0.11244138330221176, 0.01805364340543747, 0.07220928370952606, 0.04093213751912117, 0.07703442871570587, 0.08521980047225952, 0.10267625749111176, 0.06071538105607033, 0.0719003975391388, 0.04985534027218819, 0.022360602393746376, 0.06876172870397568, 0.0676162913441658, 0.02082078531384468, 0.15528884530067444, 0.052734896540641785, 0.07387053966522217, 0.06073355674743652, 0.05161572992801666, 0.07582738250494003, 0.117383673787117, 0.048894986510276794, 0.05284476280212402, 0.09808460623025894, 0.08400361984968185, 0.037049081176519394, 0.05122889578342438, 0.10859683901071548, 0.0373559407889843, 0.04708564281463623, 0.05827168747782707]}